fulcrum_id,fulcrum_parent_id,fulcrum_record_id,version,caption,latitude,longitude,geometry,file_size,exif_date_time,exif_gps_altitude,exif_gps_date_stamp,exif_gps_dop,exif_gps_img_direction,exif_gps_img_direction_ref,exif_gps_latitude,exif_gps_latitude_ref,exif_gps_longitude,exif_gps_longitude_ref,exif_gps_time_stamp,exif_make,exif_model,exif_orientation,exif_pixel_x_dimension,exif_pixel_y_dimension,exif_software,exif_x_resolution,exif_y_resolution,exif_json
72a5c507-0473-481f-92ab-c3ca18ef6776,564228be-fd41-43d8-b280-887f7a4de9bb,564228be-fd41-43d8-b280-887f7a4de9bb,1,"",0.0,0.0,POINT (0.0 0.0),84614,2014-05-28T13:20:04+00:00,"","","","","","","","","","",SAMSUNG,GT-I8160,TopLeft,640,480,I8160XXNA1,72.0,72.0,"{""image_width"":640,""image_length"":480,""make"":""SAMSUNG"",""model"":""GT-I8160"",""orientation"":{""value"":1,""type"":""TopLeft""},""x_resolution"":""72.0"",""y_resolution"":""72.0"",""resolution_unit"":2,""software"":""I8160XXNA1"",""date_time"":""2014-05-28T13:20:04+00:00"",""ycb_cr_positioning"":2,""exposure_time"":""0.025"",""f_number"":""2.7"",""exposure_program"":3,""iso_speed_ratings"":100,""date_time_original"":""2014-05-28T13:20:04+00:00"",""date_time_digitized"":""2014-05-28T13:20:04+00:00"",""components_configuration"":""\u0001\u0002\u0003\u0000"",""exposure_bias_value"":""0.0"",""max_aperture_value"":""2.87"",""metering_mode"":2,""flash"":0,""focal_length"":""3.54"",""user_comment"":""User comments"",""color_space"":1,""pixel_x_dimension"":640,""pixel_y_dimension"":480,""exposure_mode"":0,""white_balance"":0,""scene_capture_type"":0}"
95cffb1d-9eb5-4e27-9952-cf259aead794,6efafa5e-d070-4bb6-9cab-f9d36cede907,6efafa5e-d070-4bb6-9cab-f9d36cede907,1,"",2.05396,45.3474,POINT (45.3474 2.05396),162913,2014-05-29T09:58:54+00:00,46.0,2014:05:29,"","","","2.0,3.0,14.252",N,"45.0,20.0,50.625",E,"6.0,58.0,50.0",SAMSUNG,GT-I8160,TopLeft,640,480,I8160XXNA1,72.0,72.0,"{""image_width"":640,""image_length"":480,""make"":""SAMSUNG"",""model"":""GT-I8160"",""orientation"":{""value"":1,""type"":""TopLeft""},""x_resolution"":""72.0"",""y_resolution"":""72.0"",""resolution_unit"":2,""software"":""I8160XXNA1"",""date_time"":""2014-05-29T09:58:54+00:00"",""ycb_cr_positioning"":2,""exposure_time"":""0.008"",""f_number"":""2.7"",""exposure_program"":3,""iso_speed_ratings"":50,""date_time_original"":""2014-05-29T09:58:54+00:00"",""date_time_digitized"":""2014-05-29T09:58:54+00:00"",""components_configuration"":""\u0001\u0002\u0003\u0000"",""exposure_bias_value"":""0.0"",""max_aperture_value"":""2.87"",""metering_mode"":2,""flash"":0,""focal_length"":""3.54"",""user_comment"":""User comments"",""color_space"":1,""pixel_x_dimension"":640,""pixel_y_dimension"":480,""exposure_mode"":0,""white_balance"":0,""scene_capture_type"":0,""gps_version_id"":""\u0002\u0002\u0000\u0000"",""gps_latitude_ref"":""N"",""gps_latitude"":[""2.0"",""3.0"",""14.252""],""gps_longitude_ref"":""E"",""gps_longitude"":[""45.0"",""20.0"",""50.625""],""gps_altitude_ref"":""\u0000"",""gps_altitude"":""46.0"",""gps_time_stamp"":[""6.0"",""58.0"",""50.0""],""gps_status"":""V"",""gps_map_datum"":""WGS 84"",""gps_processing_method"":""GPS"",""gps_date_stamp"":""2014:05:29""}"
a6689d09-2185-4efe-83df-d41259fd036d,d9aa72fb-f163-417d-8fe2-0fe67be17c65,d9aa72fb-f163-417d-8fe2-0fe67be17c65,1,"",2.06241,45.34902,POINT (45.34902 2.06241),176802,2014-06-01T10:29:01+00:00,23.0,2014:06:01,"","","","2.0,3.0,44.678",N,"45.0,20.0,56.469",E,"7.0,28.0,31.0",SAMSUNG,GT-I8160,TopLeft,640,480,I8160XXNA1,72.0,72.0,"{""image_width"":640,""image_length"":480,""make"":""SAMSUNG"",""model"":""GT-I8160"",""orientation"":{""value"":1,""type"":""TopLeft""},""x_resolution"":""72.0"",""y_resolution"":""72.0"",""resolution_unit"":2,""software"":""I8160XXNA1"",""date_time"":""2014-06-01T10:29:01+00:00"",""ycb_cr_positioning"":2,""exposure_time"":""0.005586"",""f_number"":""2.7"",""exposure_program"":3,""iso_speed_ratings"":50,""date_time_original"":""2014-06-01T10:29:01+00:00"",""date_time_digitized"":""2014-06-01T10:29:01+00:00"",""components_configuration"":""\u0001\u0002\u0003\u0000"",""exposure_bias_value"":""0.0"",""max_aperture_value"":""2.87"",""metering_mode"":2,""flash"":0,""focal_length"":""3.54"",""user_comment"":""User comments"",""color_space"":1,""pixel_x_dimension"":640,""pixel_y_dimension"":480,""exposure_mode"":0,""white_balance"":0,""scene_capture_type"":0,""gps_version_id"":""\u0002\u0002\u0000\u0000"",""gps_latitude_ref"":""N"",""gps_latitude"":[""2.0"",""3.0"",""44.678""],""gps_longitude_ref"":""E"",""gps_longitude"":[""45.0"",""20.0"",""56.469""],""gps_altitude_ref"":""\u0000"",""gps_altitude"":""23.0"",""gps_time_stamp"":[""7.0"",""28.0"",""31.0""],""gps_status"":""V"",""gps_map_datum"":""WGS 84"",""gps_processing_method"":""GPS"",""gps_date_stamp"":""2014:06:01""}"
e8f2aa82-f9d7-4e1f-9b10-81d7e8bf13b7,fae8d35e-a61b-445b-ad4b-ac88039ad443,fae8d35e-a61b-445b-ad4b-ac88039ad443,1,"",2.05007,45.35973,POINT (45.35973 2.05007),115955,2014-05-30T14:56:53+00:00,3.6,2014:05:30,"","","","2.0500677,0.0,0.0",N,"45.3597274,0.0,0.0",E,"11.0,56.0,46.0",SAMSUNG,GT-I9100,TopLeft,640,480,I9100JPLPC,72.0,72.0,"{""image_width"":640,""image_length"":480,""make"":""SAMSUNG"",""model"":""GT-I9100"",""orientation"":{""value"":1,""type"":""TopLeft""},""x_resolution"":""72.0"",""y_resolution"":""72.0"",""resolution_unit"":2,""software"":""I9100JPLPC"",""date_time"":""2014-05-30T14:56:53+00:00"",""ycb_cr_positioning"":1,""exposure_time"":""0.00043402777777777775"",""f_number"":""2.65"",""exposure_program"":3,""iso_speed_ratings"":32,""date_time_original"":""2014-05-30T14:56:53+00:00"",""date_time_digitized"":""2014-05-30T14:56:53+00:00"",""shutter_speed_value"":""0.00043402777777777775"",""aperture_value"":""2.6"",""brightness_value"":""10.62"",""exposure_bias_value"":""0.0"",""max_aperture_value"":""2.81"",""metering_mode"":2,""flash"":16,""focal_length"":""3.97"",""user_comment"":""User comments"",""color_space"":1,""pixel_x_dimension"":640,""pixel_y_dimension"":480,""exposure_mode"":0,""white_balance"":0,""scene_capture_type"":0,""image_unique_id"":""VCFA01"",""gps_version_id"":""\u0002\u0002\u0000\u0000"",""gps_latitude_ref"":""N"",""gps_latitude"":[""2.0500677"",""0.0"",""0.0""],""gps_longitude_ref"":""E"",""gps_longitude"":[""45.3597274"",""0.0"",""0.0""],""gps_altitude_ref"":""\u0000"",""gps_altitude"":""3.6"",""gps_time_stamp"":[""11.0"",""56.0"",""46.0""],""gps_date_stamp"":""2014:05:30""}"
1d42f6e8-4b78-4b43-bd36-91d2363b76d8,b26036a5-8a13-4359-bbb3-d226c2acf4f0,b26036a5-8a13-4359-bbb3-d226c2acf4f0,1,"",2.04562,45.34893,POINT (45.34893 2.04562),132616,2014-06-02T11:15:29+00:00,3.0,2014:06:02,"","","","2.0,2.0,44.225",N,"45.0,20.0,56.147",E,"8.0,15.0,12.0",SAMSUNG,GT-I8160,TopLeft,640,480,I8160XXNA1,72.0,72.0,"{""image_width"":640,""image_length"":480,""make"":""SAMSUNG"",""model"":""GT-I8160"",""orientation"":{""value"":1,""type"":""TopLeft""},""x_resolution"":""72.0"",""y_resolution"":""72.0"",""resolution_unit"":2,""software"":""I8160XXNA1"",""date_time"":""2014-06-02T11:15:29+00:00"",""ycb_cr_positioning"":2,""exposure_time"":""0.008333"",""f_number"":""2.7"",""exposure_program"":3,""iso_speed_ratings"":50,""date_time_original"":""2014-06-02T11:15:29+00:00"",""date_time_digitized"":""2014-06-02T11:15:29+00:00"",""components_configuration"":""\u0001\u0002\u0003\u0000"",""exposure_bias_value"":""0.0"",""max_aperture_value"":""2.87"",""metering_mode"":2,""flash"":0,""focal_length"":""3.54"",""user_comment"":""User comments"",""color_space"":1,""pixel_x_dimension"":640,""pixel_y_dimension"":480,""exposure_mode"":0,""white_balance"":0,""scene_capture_type"":0,""gps_version_id"":""\u0002\u0002\u0000\u0000"",""gps_latitude_ref"":""N"",""gps_latitude"":[""2.0"",""2.0"",""44.225""],""gps_longitude_ref"":""E"",""gps_longitude"":[""45.0"",""20.0"",""56.147""],""gps_altitude_ref"":""\u0000"",""gps_altitude"":""3.0"",""gps_time_stamp"":[""8.0"",""15.0"",""12.0""],""gps_status"":""V"",""gps_map_datum"":""WGS 84"",""gps_processing_method"":""GPS"",""gps_date_stamp"":""2014:06:02""}"
3c9c4c69-30aa-4303-a1e4-41ae777fdcd3,2591c97c-d13a-4443-b1e6-4d63966f4b5a,2591c97c-d13a-4443-b1e6-4d63966f4b5a,1,"",2.0464,45.34201,POINT (45.34201 2.0464),136466,2014-06-03T12:47:57+00:00,4294967286.0,2014:06:03,"","","","2.0,2.0,47.041",N,"45.0,20.0,31.245",E,"9.0,47.0,51.0",SAMSUNG,GT-I8160,TopLeft,640,480,I8160XXNA1,72.0,72.0,"{""image_width"":640,""image_length"":480,""make"":""SAMSUNG"",""model"":""GT-I8160"",""orientation"":{""value"":1,""type"":""TopLeft""},""x_resolution"":""72.0"",""y_resolution"":""72.0"",""resolution_unit"":2,""software"":""I8160XXNA1"",""date_time"":""2014-06-03T12:47:57+00:00"",""ycb_cr_positioning"":2,""exposure_time"":""0.005681"",""f_number"":""2.7"",""exposure_program"":3,""iso_speed_ratings"":50,""date_time_original"":""2014-06-03T12:47:57+00:00"",""date_time_digitized"":""2014-06-03T12:47:57+00:00"",""components_configuration"":""\u0001\u0002\u0003\u0000"",""exposure_bias_value"":""0.0"",""max_aperture_value"":""2.87"",""metering_mode"":2,""flash"":0,""focal_length"":""3.54"",""user_comment"":""User comments"",""color_space"":1,""pixel_x_dimension"":640,""pixel_y_dimension"":480,""exposure_mode"":0,""white_balance"":0,""scene_capture_type"":0,""gps_version_id"":""\u0002\u0002\u0000\u0000"",""gps_latitude_ref"":""N"",""gps_latitude"":[""2.0"",""2.0"",""47.041""],""gps_longitude_ref"":""E"",""gps_longitude"":[""45.0"",""20.0"",""31.245""],""gps_altitude_ref"":""\u0001"",""gps_altitude"":""4294967286.0"",""gps_time_stamp"":[""9.0"",""47.0"",""51.0""],""gps_status"":""V"",""gps_map_datum"":""WGS 84"",""gps_processing_method"":""GPS"",""gps_date_stamp"":""2014:06:03""}"
d0996fc6-bd0d-4755-b124-8043fdb5dfaf,382d6191-ce0f-4a0e-ad83-0dc1c3a6557e,382d6191-ce0f-4a0e-ad83-0dc1c3a6557e,1,"",2.04013,45.34864,POINT (45.34864 2.04013),122566,2014-06-03T13:51:34+00:00,26.0,2014:06:03,"","","","2.0,2.0,24.486",N,"45.0,20.0,55.09",E,"7.0,48.0,1.0",SAMSUNG,GT-P3113,TopLeft,640,480,P3113UECLK7,72.0,72.0,"{""image_width"":640,""image_length"":480,""make"":""SAMSUNG"",""model"":""GT-P3113"",""orientation"":{""value"":1,""type"":""TopLeft""},""x_resolution"":""72.0"",""y_resolution"":""72.0"",""resolution_unit"":2,""software"":""P3113UECLK7"",""date_time"":""2014-06-03T13:51:34+00:00"",""ycb_cr_positioning"":1,""exposure_time"":""0.008333333333333333"",""f_number"":""2.6"",""exposure_program"":3,""iso_speed_ratings"":100,""date_time_original"":""2014-06-03T13:51:34+00:00"",""date_time_digitized"":""2014-06-03T13:51:34+00:00"",""exposure_bias_value"":""0.0"",""max_aperture_value"":""2.76"",""metering_mode"":2,""flash"":32,""focal_length"":""2.79"",""user_comment"":""User comments"",""color_space"":1,""pixel_x_dimension"":640,""pixel_y_dimension"":480,""exposure_mode"":0,""white_balance"":0,""scene_capture_type"":0,""gain_control"":0,""contrast"":0,""saturation"":0,""sharpness"":0,""gps_latitude_ref"":""N"",""gps_latitude"":[""2.0"",""2.0"",""24.486""],""gps_longitude_ref"":""E"",""gps_longitude"":[""45.0"",""20.0"",""55.09""],""gps_altitude_ref"":""\u0000"",""gps_altitude"":""26.0"",""gps_time_stamp"":[""7.0"",""48.0"",""1.0""],""gps_date_stamp"":""2014:06:03""}"
55a042ba-f640-4705-a0b1-6aca36cfcd41,79fe300b-8f23-40df-8bb2-38d7ac699f1b,79fe300b-8f23-40df-8bb2-38d7ac699f1b,1,"",2.03931,45.35182,POINT (45.35182 2.03931),81250,2014-06-03T13:55:30+00:00,30.0,2014:06:03,"","","","2.0,2.0,21.501",N,"45.0,21.0,6.537",E,"7.0,52.0,21.0",SAMSUNG,GT-P3113,TopLeft,640,480,P3113UECLK7,72.0,72.0,"{""image_width"":640,""image_length"":480,""make"":""SAMSUNG"",""model"":""GT-P3113"",""orientation"":{""value"":1,""type"":""TopLeft""},""x_resolution"":""72.0"",""y_resolution"":""72.0"",""resolution_unit"":2,""software"":""P3113UECLK7"",""date_time"":""2014-06-03T13:55:30+00:00"",""ycb_cr_positioning"":1,""exposure_time"":""0.008333333333333333"",""f_number"":""2.6"",""exposure_program"":3,""iso_speed_ratings"":50,""date_time_original"":""2014-06-03T13:55:30+00:00"",""date_time_digitized"":""2014-06-03T13:55:30+00:00"",""exposure_bias_value"":""0.0"",""max_aperture_value"":""2.76"",""metering_mode"":2,""flash"":32,""focal_length"":""2.79"",""user_comment"":""User comments"",""color_space"":1,""pixel_x_dimension"":640,""pixel_y_dimension"":480,""exposure_mode"":0,""white_balance"":0,""scene_capture_type"":0,""gain_control"":0,""contrast"":0,""saturation"":0,""sharpness"":0,""gps_latitude_ref"":""N"",""gps_latitude"":[""2.0"",""2.0"",""21.501""],""gps_longitude_ref"":""E"",""gps_longitude"":[""45.0"",""21.0"",""6.537""],""gps_altitude_ref"":""\u0000"",""gps_altitude"":""30.0"",""gps_time_stamp"":[""7.0"",""52.0"",""21.0""],""gps_date_stamp"":""2014:06:03""}"
ee251447-78e3-41c7-8339-39f9861c5da6,1a66915f-74bf-47fc-8f0e-9a3d981c50a3,1a66915f-74bf-47fc-8f0e-9a3d981c50a3,1,"",2.04492,45.36546,POINT (45.36546 2.04492),106097,2014-06-03T14:10:50+00:00,24.0,2014:06:03,"","","","2.0,2.0,41.716",N,"45.0,21.0,55.657",E,"8.0,7.0,50.0",SAMSUNG,GT-P3113,TopLeft,640,480,P3113UECLK7,72.0,72.0,"{""image_width"":640,""image_length"":480,""make"":""SAMSUNG"",""model"":""GT-P3113"",""orientation"":{""value"":1,""type"":""TopLeft""},""x_resolution"":""72.0"",""y_resolution"":""72.0"",""resolution_unit"":2,""software"":""P3113UECLK7"",""date_time"":""2014-06-03T14:10:50+00:00"",""ycb_cr_positioning"":1,""exposure_time"":""0.008333333333333333"",""f_number"":""2.6"",""exposure_program"":3,""iso_speed_ratings"":100,""date_time_original"":""2014-06-03T14:10:50+00:00"",""date_time_digitized"":""2014-06-03T14:10:50+00:00"",""exposure_bias_value"":""0.0"",""max_aperture_value"":""2.76"",""metering_mode"":2,""flash"":32,""focal_length"":""2.79"",""user_comment"":""User comments"",""color_space"":1,""pixel_x_dimension"":640,""pixel_y_dimension"":480,""exposure_mode"":0,""white_balance"":0,""scene_capture_type"":0,""gain_control"":0,""contrast"":0,""saturation"":0,""sharpness"":0,""gps_latitude_ref"":""N"",""gps_latitude"":[""2.0"",""2.0"",""41.716""],""gps_longitude_ref"":""E"",""gps_longitude"":[""45.0"",""21.0"",""55.657""],""gps_altitude_ref"":""\u0000"",""gps_altitude"":""24.0"",""gps_time_stamp"":[""8.0"",""7.0"",""50.0""],""gps_date_stamp"":""2014:06:03""}"
61828b1a-5899-4b14-a3ef-9f17af6e81d5,7cc22039-31c7-4d1c-840a-96c6799bf9f5,7cc22039-31c7-4d1c-840a-96c6799bf9f5,1,"",2.0407,45.35536,POINT (45.35536 2.0407),101699,2014-06-03T14:47:14+00:00,29.0,2014:06:03,"","","","2.0,2.0,26.528",N,"45.0,21.0,19.281",E,"8.0,44.0,12.0",SAMSUNG,GT-P3113,TopLeft,640,480,P3113UECLK7,72.0,72.0,"{""image_width"":640,""image_length"":480,""make"":""SAMSUNG"",""model"":""GT-P3113"",""orientation"":{""value"":1,""type"":""TopLeft""},""x_resolution"":""72.0"",""y_resolution"":""72.0"",""resolution_unit"":2,""software"":""P3113UECLK7"",""date_time"":""2014-06-03T14:47:14+00:00"",""ycb_cr_positioning"":1,""exposure_time"":""0.006711409395973154"",""f_number"":""2.6"",""exposure_program"":3,""iso_speed_ratings"":50,""date_time_original"":""2014-06-03T14:47:14+00:00"",""date_time_digitized"":""2014-06-03T14:47:14+00:00"",""exposure_bias_value"":""0.0"",""max_aperture_value"":""2.76"",""metering_mode"":2,""flash"":32,""focal_length"":""2.79"",""user_comment"":""User comments"",""color_space"":1,""pixel_x_dimension"":640,""pixel_y_dimension"":480,""exposure_mode"":0,""white_balance"":0,""scene_capture_type"":0,""gain_control"":0,""contrast"":0,""saturation"":0,""sharpness"":0,""gps_latitude_ref"":""N"",""gps_latitude"":[""2.0"",""2.0"",""26.528""],""gps_longitude_ref"":""E"",""gps_longitude"":[""45.0"",""21.0"",""19.281""],""gps_altitude_ref"":""\u0000"",""gps_altitude"":""29.0"",""gps_time_stamp"":[""8.0"",""44.0"",""12.0""],""gps_date_stamp"":""2014:06:03""}"
bc361c43-7db0-4fad-b1d3-109ca5e187b0,5340cdcd-5162-493a-b842-e47d3c855f9d,5340cdcd-5162-493a-b842-e47d3c855f9d,1,"",2.05193,45.36553,POINT (45.36553 2.05193),214438,2014-06-02T16:56:31+00:00,9.3,2014:06:02,"","","","2.0519287,0.0,0.0",N,"45.3655262,0.0,0.0",E,"13.0,55.0,58.0",SAMSUNG,GT-I9100,TopLeft,640,480,I9100JPLPC,72.0,72.0,"{""image_width"":640,""image_length"":480,""make"":""SAMSUNG"",""model"":""GT-I9100"",""orientation"":{""value"":1,""type"":""TopLeft""},""x_resolution"":""72.0"",""y_resolution"":""72.0"",""resolution_unit"":2,""software"":""I9100JPLPC"",""date_time"":""2014-06-02T16:56:31+00:00"",""ycb_cr_positioning"":1,""exposure_time"":""0.0033112582781456954"",""f_number"":""2.65"",""exposure_program"":3,""iso_speed_ratings"":32,""date_time_original"":""2014-06-02T16:56:31+00:00"",""date_time_digitized"":""2014-06-02T16:56:31+00:00"",""shutter_speed_value"":""0.0033112582781456954"",""aperture_value"":""2.6"",""brightness_value"":""7.7"",""exposure_bias_value"":""0.0"",""max_aperture_value"":""2.81"",""metering_mode"":2,""flash"":16,""focal_length"":""3.97"",""user_comment"":""User comments"",""color_space"":1,""pixel_x_dimension"":640,""pixel_y_dimension"":480,""exposure_mode"":0,""white_balance"":0,""scene_capture_type"":0,""image_unique_id"":""VCFA01"",""gps_version_id"":""\u0002\u0002\u0000\u0000"",""gps_latitude_ref"":""N"",""gps_latitude"":[""2.0519287"",""0.0"",""0.0""],""gps_longitude_ref"":""E"",""gps_longitude"":[""45.3655262"",""0.0"",""0.0""],""gps_altitude_ref"":""\u0001"",""gps_altitude"":""9.3"",""gps_time_stamp"":[""13.0"",""55.0"",""58.0""],""gps_date_stamp"":""2014:06:02""}"
054549C2-CBF6-44A1-A46A-72292AE01B94,ea6256d3-5475-4e26-88c0-a98925340cd2,ea6256d3-5475-4e26-88c0-a98925340cd2,1,"",0.0,0.0,POINT (0.0 0.0),142422,"","","","","","","","","","","","","","",640,960,"","","","{""color_space"":1,""pixel_x_dimension"":640,""pixel_y_dimension"":960}"
d67664df-7a9c-45ff-ac12-dee95e767a2b,6d5eb72c-cb9e-4716-97ea-2d7070527d3a,6d5eb72c-cb9e-4716-97ea-2d7070527d3a,1,"",2.03185,45.33789,POINT (45.33789 2.03185),133810,2014-06-04T10:49:56+00:00,4294967266.0,2014:06:04,"","","","2.0,1.0,54.656",N,"45.0,20.0,16.391",E,"7.0,49.0,45.0",SAMSUNG,GT-I8160,TopLeft,640,480,I8160XXNA1,72.0,72.0,"{""image_width"":640,""image_length"":480,""make"":""SAMSUNG"",""model"":""GT-I8160"",""orientation"":{""value"":1,""type"":""TopLeft""},""x_resolution"":""72.0"",""y_resolution"":""72.0"",""resolution_unit"":2,""software"":""I8160XXNA1"",""date_time"":""2014-06-04T10:49:56+00:00"",""ycb_cr_positioning"":2,""exposure_time"":""0.008196"",""f_number"":""2.7"",""exposure_program"":3,""iso_speed_ratings"":50,""date_time_original"":""2014-06-04T10:49:56+00:00"",""date_time_digitized"":""2014-06-04T10:49:56+00:00"",""components_configuration"":""\u0001\u0002\u0003\u0000"",""exposure_bias_value"":""0.0"",""max_aperture_value"":""2.87"",""metering_mode"":2,""flash"":0,""focal_length"":""3.54"",""user_comment"":""User comments"",""color_space"":1,""pixel_x_dimension"":640,""pixel_y_dimension"":480,""exposure_mode"":0,""white_balance"":0,""scene_capture_type"":0,""gps_version_id"":""\u0002\u0002\u0000\u0000"",""gps_latitude_ref"":""N"",""gps_latitude"":[""2.0"",""1.0"",""54.656""],""gps_longitude_ref"":""E"",""gps_longitude"":[""45.0"",""20.0"",""16.391""],""gps_altitude_ref"":""\u0001"",""gps_altitude"":""4294967266.0"",""gps_time_stamp"":[""7.0"",""49.0"",""45.0""],""gps_status"":""V"",""gps_map_datum"":""WGS 84"",""gps_processing_method"":""GPS"",""gps_date_stamp"":""2014:06:04""}"
8f866b58-b6f4-4197-8952-3be7cea65247,8847aebb-8737-41e9-b6ed-10e3b8414187,8847aebb-8737-41e9-b6ed-10e3b8414187,1,"",2.03396,45.34006,POINT (45.34006 2.03396),118968,2014-06-04T11:10:46+00:00,4294967281.0,2014:06:04,"","","","2.0,2.0,2.269",N,"45.0,20.0,24.213",E,"8.0,10.0,36.0",SAMSUNG,GT-I8160,TopLeft,640,480,I8160XXNA1,72.0,72.0,"{""image_width"":640,""image_length"":480,""make"":""SAMSUNG"",""model"":""GT-I8160"",""orientation"":{""value"":1,""type"":""TopLeft""},""x_resolution"":""72.0"",""y_resolution"":""72.0"",""resolution_unit"":2,""software"":""I8160XXNA1"",""date_time"":""2014-06-04T11:10:46+00:00"",""ycb_cr_positioning"":2,""exposure_time"":""0.008333"",""f_number"":""2.7"",""exposure_program"":3,""iso_speed_ratings"":50,""date_time_original"":""2014-06-04T11:10:46+00:00"",""date_time_digitized"":""2014-06-04T11:10:46+00:00"",""components_configuration"":""\u0001\u0002\u0003\u0000"",""exposure_bias_value"":""0.0"",""max_aperture_value"":""2.87"",""metering_mode"":2,""flash"":0,""focal_length"":""3.54"",""user_comment"":""User comments"",""color_space"":1,""pixel_x_dimension"":640,""pixel_y_dimension"":480,""exposure_mode"":0,""white_balance"":0,""scene_capture_type"":0,""gps_version_id"":""\u0002\u0002\u0000\u0000"",""gps_latitude_ref"":""N"",""gps_latitude"":[""2.0"",""2.0"",""2.269""],""gps_longitude_ref"":""E"",""gps_longitude"":[""45.0"",""20.0"",""24.213""],""gps_altitude_ref"":""\u0001"",""gps_altitude"":""4294967281.0"",""gps_time_stamp"":[""8.0"",""10.0"",""36.0""],""gps_status"":""V"",""gps_map_datum"":""WGS 84"",""gps_processing_method"":""GPS"",""gps_date_stamp"":""2014:06:04""}"
9b98d1f8-06d5-4c9f-9db2-8ddc304144fd,dd1cb408-bc62-4d13-8818-e706652e19af,dd1cb408-bc62-4d13-8818-e706652e19af,1,"",2.03039,45.33847,POINT (45.33847 2.03039),114751,2014-06-04T11:49:51+00:00,4294967275.0,2014:06:04,"","","","2.0,1.0,49.409",N,"45.0,20.0,18.5",E,"8.0,49.0,43.0",SAMSUNG,GT-I8160,TopLeft,640,480,I8160XXNA1,72.0,72.0,"{""image_width"":640,""image_length"":480,""make"":""SAMSUNG"",""model"":""GT-I8160"",""orientation"":{""value"":1,""type"":""TopLeft""},""x_resolution"":""72.0"",""y_resolution"":""72.0"",""resolution_unit"":2,""software"":""I8160XXNA1"",""date_time"":""2014-06-04T11:49:51+00:00"",""ycb_cr_positioning"":2,""exposure_time"":""0.008333"",""f_number"":""2.7"",""exposure_program"":3,""iso_speed_ratings"":50,""date_time_original"":""2014-06-04T11:49:51+00:00"",""date_time_digitized"":""2014-06-04T11:49:51+00:00"",""components_configuration"":""\u0001\u0002\u0003\u0000"",""exposure_bias_value"":""0.0"",""max_aperture_value"":""2.87"",""metering_mode"":2,""flash"":0,""focal_length"":""3.54"",""user_comment"":""User comments"",""color_space"":1,""pixel_x_dimension"":640,""pixel_y_dimension"":480,""exposure_mode"":0,""white_balance"":0,""scene_capture_type"":0,""gps_version_id"":""\u0002\u0002\u0000\u0000"",""gps_latitude_ref"":""N"",""gps_latitude"":[""2.0"",""1.0"",""49.409""],""gps_longitude_ref"":""E"",""gps_longitude"":[""45.0"",""20.0"",""18.5""],""gps_altitude_ref"":""\u0001"",""gps_altitude"":""4294967275.0"",""gps_time_stamp"":[""8.0"",""49.0"",""43.0""],""gps_status"":""V"",""gps_map_datum"":""WGS 84"",""gps_processing_method"":""GPS"",""gps_date_stamp"":""2014:06:04""}"
356f7082-6a6e-4491-9ca2-88e83e9aec95,43615626-44e3-44cf-9ffb-43e9d4ffedcc,43615626-44e3-44cf-9ffb-43e9d4ffedcc,1,"",2.03078,45.33934,POINT (45.33934 2.03078),165465,2014-06-04T11:50:40+00:00,4294967273.0,2014:06:04,"","","","2.0,1.0,50.803",N,"45.0,20.0,21.635",E,"8.0,50.0,32.0",SAMSUNG,GT-I8160,TopLeft,640,480,I8160XXNA1,72.0,72.0,"{""image_width"":640,""image_length"":480,""make"":""SAMSUNG"",""model"":""GT-I8160"",""orientation"":{""value"":1,""type"":""TopLeft""},""x_resolution"":""72.0"",""y_resolution"":""72.0"",""resolution_unit"":2,""software"":""I8160XXNA1"",""date_time"":""2014-06-04T11:50:40+00:00"",""ycb_cr_positioning"":2,""exposure_time"":""0.007246"",""f_number"":""2.7"",""exposure_program"":3,""iso_speed_ratings"":50,""date_time_original"":""2014-06-04T11:50:40+00:00"",""date_time_digitized"":""2014-06-04T11:50:40+00:00"",""components_configuration"":""\u0001\u0002\u0003\u0000"",""exposure_bias_value"":""0.0"",""max_aperture_value"":""2.87"",""metering_mode"":2,""flash"":0,""focal_length"":""3.54"",""user_comment"":""User comments"",""color_space"":1,""pixel_x_dimension"":640,""pixel_y_dimension"":480,""exposure_mode"":0,""white_balance"":0,""scene_capture_type"":0,""gps_version_id"":""\u0002\u0002\u0000\u0000"",""gps_latitude_ref"":""N"",""gps_latitude"":[""2.0"",""1.0"",""50.803""],""gps_longitude_ref"":""E"",""gps_longitude"":[""45.0"",""20.0"",""21.635""],""gps_altitude_ref"":""\u0001"",""gps_altitude"":""4294967273.0"",""gps_time_stamp"":[""8.0"",""50.0"",""32.0""],""gps_status"":""V"",""gps_map_datum"":""WGS 84"",""gps_processing_method"":""GPS"",""gps_date_stamp"":""2014:06:04""}"
50ccfeaf-e602-489d-825d-8d305504ddb7,52a1aa68-3d9f-4bf8-8693-647a719842c3,52a1aa68-3d9f-4bf8-8693-647a719842c3,1,"",2.03667,45.34472,POINT (45.34472 2.03667),90707,2014-06-04T06:46:33+00:00,4294967267.0,0114:05:04,"","","","2.0,2.0,12.0",N,"45.0,20.0,41.0",E,"6.0,45.0,51.0",SAMSUNG,GT-S5360,TopLeft,640,480,S5360JPKK2,72.0,72.0,"{""image_width"":640,""image_length"":480,""make"":""SAMSUNG"",""model"":""GT-S5360"",""orientation"":{""value"":1,""type"":""TopLeft""},""x_resolution"":""72.0"",""y_resolution"":""72.0"",""resolution_unit"":2,""software"":""S5360JPKK2"",""date_time"":""2014-06-04T06:46:33+00:00"",""ycb_cr_positioning"":1,""exposure_time"":""0.02"",""f_number"":""2.8"",""exposure_program"":3,""iso_speed_ratings"":100,""date_time_original"":""2014-06-04T06:46:33+00:00"",""date_time_digitized"":""2014-06-04T06:46:33+00:00"",""max_aperture_value"":""2.8"",""metering_mode"":2,""focal_length"":""2.73"",""color_space"":1,""pixel_x_dimension"":640,""pixel_y_dimension"":480,""exposure_mode"":0,""white_balance"":0,""digital_zoom_ratio"":""1.0"",""scene_capture_type"":0,""gps_version_id"":""\u0002\u0002\u0000\u0000"",""gps_latitude_ref"":""N"",""gps_latitude"":[""2.0"",""2.0"",""12.0""],""gps_longitude_ref"":""E"",""gps_longitude"":[""45.0"",""20.0"",""41.0""],""gps_altitude_ref"":""\u0001"",""gps_altitude"":""4294967267.0"",""gps_time_stamp"":[""6.0"",""45.0"",""51.0""],""gps_date_stamp"":""0114:05:04""}"
a7f2be5b-44f5-40b2-8d26-97e1999ad851,6ac798a7-4da9-4ac7-a273-fa1699ad70a6,6ac798a7-4da9-4ac7-a273-fa1699ad70a6,1,"",2.03417,45.32222,POINT (45.32222 2.03417),94422,2014-06-06T07:52:49+00:00,4294967288.0,0114:05:06,"","","","2.0,2.0,3.0",N,"45.0,19.0,20.0",E,"7.0,52.0,12.0",SAMSUNG,GT-S5360,TopLeft,640,480,S5360JPKK2,72.0,72.0,"{""image_width"":640,""image_length"":480,""make"":""SAMSUNG"",""model"":""GT-S5360"",""orientation"":{""value"":1,""type"":""TopLeft""},""x_resolution"":""72.0"",""y_resolution"":""72.0"",""resolution_unit"":2,""software"":""S5360JPKK2"",""date_time"":""2014-06-06T07:52:49+00:00"",""ycb_cr_positioning"":1,""exposure_time"":""0.011111111111111112"",""f_number"":""2.8"",""exposure_program"":3,""iso_speed_ratings"":100,""date_time_original"":""2014-06-06T07:52:49+00:00"",""date_time_digitized"":""2014-06-06T07:52:49+00:00"",""max_aperture_value"":""2.8"",""metering_mode"":2,""focal_length"":""2.73"",""color_space"":1,""pixel_x_dimension"":640,""pixel_y_dimension"":480,""exposure_mode"":0,""white_balance"":0,""digital_zoom_ratio"":""1.0"",""scene_capture_type"":0,""gps_version_id"":""\u0002\u0002\u0000\u0000"",""gps_latitude_ref"":""N"",""gps_latitude"":[""2.0"",""2.0"",""3.0""],""gps_longitude_ref"":""E"",""gps_longitude"":[""45.0"",""19.0"",""20.0""],""gps_altitude_ref"":""\u0001"",""gps_altitude"":""4294967288.0"",""gps_time_stamp"":[""7.0"",""52.0"",""12.0""],""gps_date_stamp"":""0114:05:06""}"
fcc23d60-4f55-4a36-b9dc-fea780a16b0e,a8252c03-6890-49b2-9cbf-4f9cfe4c6a92,a8252c03-6890-49b2-9cbf-4f9cfe4c6a92,1,"",2.02944,45.33167,POINT (45.33167 2.02944),99623,2014-06-06T08:15:31+00:00,4294967273.0,0114:05:06,"","","","2.0,1.0,46.0",N,"45.0,19.0,54.0",E,"8.0,15.0,15.0",SAMSUNG,GT-S5360,TopLeft,640,480,S5360JPKK2,72.0,72.0,"{""image_width"":640,""image_length"":480,""make"":""SAMSUNG"",""model"":""GT-S5360"",""orientation"":{""value"":1,""type"":""TopLeft""},""x_resolution"":""72.0"",""y_resolution"":""72.0"",""resolution_unit"":2,""software"":""S5360JPKK2"",""date_time"":""2014-06-06T08:15:31+00:00"",""ycb_cr_positioning"":1,""exposure_time"":""0.0030864197530864196"",""f_number"":""2.8"",""exposure_program"":3,""iso_speed_ratings"":100,""date_time_original"":""2014-06-06T08:15:31+00:00"",""date_time_digitized"":""2014-06-06T08:15:31+00:00"",""max_aperture_value"":""2.8"",""metering_mode"":2,""focal_length"":""2.73"",""color_space"":1,""pixel_x_dimension"":640,""pixel_y_dimension"":480,""exposure_mode"":0,""white_balance"":0,""digital_zoom_ratio"":""1.0"",""scene_capture_type"":0,""gps_version_id"":""\u0002\u0002\u0000\u0000"",""gps_latitude_ref"":""N"",""gps_latitude"":[""2.0"",""1.0"",""46.0""],""gps_longitude_ref"":""E"",""gps_longitude"":[""45.0"",""19.0"",""54.0""],""gps_altitude_ref"":""\u0001"",""gps_altitude"":""4294967273.0"",""gps_time_stamp"":[""8.0"",""15.0"",""15.0""],""gps_date_stamp"":""0114:05:06""}"
22284428-6f34-4b0a-8923-a65f737fa46b,fd824c49-6f58-4d1c-b0f8-6e0cc33c05b6,fd824c49-6f58-4d1c-b0f8-6e0cc33c05b6,1,"",2.02639,45.32861,POINT (45.32861 2.02639),158608,2014-06-06T08:22:18+00:00,4294967262.0,0114:05:06,"","","","2.0,1.0,35.0",N,"45.0,19.0,43.0",E,"8.0,21.0,49.0",SAMSUNG,GT-S5360,TopLeft,640,480,S5360JPKK2,72.0,72.0,"{""image_width"":640,""image_length"":480,""make"":""SAMSUNG"",""model"":""GT-S5360"",""orientation"":{""value"":1,""type"":""TopLeft""},""x_resolution"":""72.0"",""y_resolution"":""72.0"",""resolution_unit"":2,""software"":""S5360JPKK2"",""date_time"":""2014-06-06T08:22:18+00:00"",""ycb_cr_positioning"":1,""exposure_time"":""0.0051813471502590676"",""f_number"":""2.8"",""exposure_program"":3,""iso_speed_ratings"":100,""date_time_original"":""2014-06-06T08:22:18+00:00"",""date_time_digitized"":""2014-06-06T08:22:18+00:00"",""max_aperture_value"":""2.8"",""metering_mode"":2,""focal_length"":""2.73"",""color_space"":1,""pixel_x_dimension"":640,""pixel_y_dimension"":480,""exposure_mode"":0,""white_balance"":0,""digital_zoom_ratio"":""1.0"",""scene_capture_type"":0,""gps_version_id"":""\u0002\u0002\u0000\u0000"",""gps_latitude_ref"":""N"",""gps_latitude"":[""2.0"",""1.0"",""35.0""],""gps_longitude_ref"":""E"",""gps_longitude"":[""45.0"",""19.0"",""43.0""],""gps_altitude_ref"":""\u0001"",""gps_altitude"":""4294967262.0"",""gps_time_stamp"":[""8.0"",""21.0"",""49.0""],""gps_date_stamp"":""0114:05:06""}"
5247c640-701e-4b5f-b330-928b6b5c45f7,03c85448-63c6-4164-bdc9-dedb4be9a5ff,03c85448-63c6-4164-bdc9-dedb4be9a5ff,1,"",2.02806,45.33194,POINT (45.33194 2.02806),119079,2014-06-06T08:18:10+00:00,4294967267.0,0114:05:06,"","","","2.0,1.0,41.0",N,"45.0,19.0,55.0",E,"8.0,17.0,31.0",SAMSUNG,GT-S5360,TopLeft,640,480,S5360JPKK2,72.0,72.0,"{""image_width"":640,""image_length"":480,""make"":""SAMSUNG"",""model"":""GT-S5360"",""orientation"":{""value"":1,""type"":""TopLeft""},""x_resolution"":""72.0"",""y_resolution"":""72.0"",""resolution_unit"":2,""software"":""S5360JPKK2"",""date_time"":""2014-06-06T08:18:10+00:00"",""ycb_cr_positioning"":1,""exposure_time"":""0.004098360655737705"",""f_number"":""2.8"",""exposure_program"":3,""iso_speed_ratings"":100,""date_time_original"":""2014-06-06T08:18:10+00:00"",""date_time_digitized"":""2014-06-06T08:18:10+00:00"",""max_aperture_value"":""2.8"",""metering_mode"":2,""focal_length"":""2.73"",""color_space"":1,""pixel_x_dimension"":640,""pixel_y_dimension"":480,""exposure_mode"":0,""white_balance"":0,""digital_zoom_ratio"":""1.0"",""scene_capture_type"":0,""gps_version_id"":""\u0002\u0002\u0000\u0000"",""gps_latitude_ref"":""N"",""gps_latitude"":[""2.0"",""1.0"",""41.0""],""gps_longitude_ref"":""E"",""gps_longitude"":[""45.0"",""19.0"",""55.0""],""gps_altitude_ref"":""\u0001"",""gps_altitude"":""4294967267.0"",""gps_time_stamp"":[""8.0"",""17.0"",""31.0""],""gps_date_stamp"":""0114:05:06""}"
9c32dd22-7ddc-4f11-9d4a-34ab1d63a49c,03c85448-63c6-4164-bdc9-dedb4be9a5ff,03c85448-63c6-4164-bdc9-dedb4be9a5ff,1,"",2.02806,45.33111,POINT (45.33111 2.02806),109825,2014-06-06T08:18:20+00:00,4294967264.0,0114:05:06,"","","","2.0,1.0,41.0",N,"45.0,19.0,52.0",E,"8.0,18.0,8.0",SAMSUNG,GT-S5360,TopLeft,640,480,S5360JPKK2,72.0,72.0,"{""image_width"":640,""image_length"":480,""make"":""SAMSUNG"",""model"":""GT-S5360"",""orientation"":{""value"":1,""type"":""TopLeft""},""x_resolution"":""72.0"",""y_resolution"":""72.0"",""resolution_unit"":2,""software"":""S5360JPKK2"",""date_time"":""2014-06-06T08:18:20+00:00"",""ycb_cr_positioning"":1,""exposure_time"":""0.0031746031746031746"",""f_number"":""2.8"",""exposure_program"":3,""iso_speed_ratings"":100,""date_time_original"":""2014-06-06T08:18:20+00:00"",""date_time_digitized"":""2014-06-06T08:18:20+00:00"",""max_aperture_value"":""2.8"",""metering_mode"":2,""focal_length"":""2.73"",""color_space"":1,""pixel_x_dimension"":640,""pixel_y_dimension"":480,""exposure_mode"":0,""white_balance"":0,""digital_zoom_ratio"":""1.0"",""scene_capture_type"":0,""gps_version_id"":""\u0002\u0002\u0000\u0000"",""gps_latitude_ref"":""N"",""gps_latitude"":[""2.0"",""1.0"",""41.0""],""gps_longitude_ref"":""E"",""gps_longitude"":[""45.0"",""19.0"",""52.0""],""gps_altitude_ref"":""\u0001"",""gps_altitude"":""4294967264.0"",""gps_time_stamp"":[""8.0"",""18.0"",""8.0""],""gps_date_stamp"":""0114:05:06""}"
8589e9ac-68c2-4545-98c5-eb610454b315,9d9cef77-19f0-4862-942d-3cdd70ccb2a6,9d9cef77-19f0-4862-942d-3cdd70ccb2a6,1,"",2.03725,45.32355,POINT (45.32355 2.03725),116236,2014-06-08T11:42:58+00:00,4294967281.0,2014:06:08,"","","","2.0,2.0,14.105",N,"45.0,19.0,24.785",E,"8.0,42.0,51.0",SAMSUNG,GT-I8160,TopLeft,640,480,I8160XXNA1,72.0,72.0,"{""image_width"":640,""image_length"":480,""make"":""SAMSUNG"",""model"":""GT-I8160"",""orientation"":{""value"":1,""type"":""TopLeft""},""x_resolution"":""72.0"",""y_resolution"":""72.0"",""resolution_unit"":2,""software"":""I8160XXNA1"",""date_time"":""2014-06-08T11:42:58+00:00"",""ycb_cr_positioning"":2,""exposure_time"":""0.006944"",""f_number"":""2.7"",""exposure_program"":3,""iso_speed_ratings"":50,""date_time_original"":""2014-06-08T11:42:58+00:00"",""date_time_digitized"":""2014-06-08T11:42:58+00:00"",""components_configuration"":""\u0001\u0002\u0003\u0000"",""exposure_bias_value"":""0.0"",""max_aperture_value"":""2.87"",""metering_mode"":2,""flash"":0,""focal_length"":""3.54"",""user_comment"":""User comments"",""color_space"":1,""pixel_x_dimension"":640,""pixel_y_dimension"":480,""exposure_mode"":0,""white_balance"":0,""scene_capture_type"":0,""gps_version_id"":""\u0002\u0002\u0000\u0000"",""gps_latitude_ref"":""N"",""gps_latitude"":[""2.0"",""2.0"",""14.105""],""gps_longitude_ref"":""E"",""gps_longitude"":[""45.0"",""19.0"",""24.785""],""gps_altitude_ref"":""\u0001"",""gps_altitude"":""4294967281.0"",""gps_time_stamp"":[""8.0"",""42.0"",""51.0""],""gps_status"":""V"",""gps_map_datum"":""WGS 84"",""gps_processing_method"":""GPS"",""gps_date_stamp"":""2014:06:08""}"
0725558d-b19c-4c01-812a-10ca983c9e6e,61d97385-644a-47dc-a7f7-8cba5449663e,61d97385-644a-47dc-a7f7-8cba5449663e,1,"",2.07154,45.35665,POINT (45.35665 2.07154),236257,2014-06-05T03:34:28+00:00,5.0,2014:06:05,"","","","2.071543,0.0,0.0",N,"45.3566515,0.0,0.0",E,"12.0,34.0,16.0",SAMSUNG,GT-I9100,TopLeft,640,480,I9100JPLPC,72.0,72.0,"{""image_width"":640,""image_length"":480,""make"":""SAMSUNG"",""model"":""GT-I9100"",""orientation"":{""value"":1,""type"":""TopLeft""},""x_resolution"":""72.0"",""y_resolution"":""72.0"",""resolution_unit"":2,""software"":""I9100JPLPC"",""date_time"":""2014-06-05T03:34:28+00:00"",""ycb_cr_positioning"":1,""exposure_time"":""0.0011061946902654867"",""f_number"":""2.65"",""exposure_program"":3,""iso_speed_ratings"":32,""date_time_original"":""2014-06-05T03:34:28+00:00"",""date_time_digitized"":""2014-06-05T03:34:28+00:00"",""shutter_speed_value"":""0.0011074197120708748"",""aperture_value"":""2.6"",""brightness_value"":""9.28"",""exposure_bias_value"":""0.0"",""max_aperture_value"":""2.81"",""metering_mode"":2,""flash"":9,""focal_length"":""3.97"",""user_comment"":""User comments"",""color_space"":1,""pixel_x_dimension"":640,""pixel_y_dimension"":480,""exposure_mode"":0,""white_balance"":0,""scene_capture_type"":0,""image_unique_id"":""VCFA01"",""gps_version_id"":""\u0002\u0002\u0000\u0000"",""gps_latitude_ref"":""N"",""gps_latitude"":[""2.071543"",""0.0"",""0.0""],""gps_longitude_ref"":""E"",""gps_longitude"":[""45.3566515"",""0.0"",""0.0""],""gps_altitude_ref"":""\u0000"",""gps_altitude"":""5.0"",""gps_time_stamp"":[""12.0"",""34.0"",""16.0""],""gps_date_stamp"":""2014:06:05""}"
539cb1ec-7a9c-4340-8ab3-712e13480a63,7d17afec-c9fe-4c4f-ac11-6975bb9147e9,7d17afec-c9fe-4c4f-ac11-6975bb9147e9,1,"",2.03104,45.27256,POINT (45.27256 2.03104),182498,2014-06-12T14:29:03+00:00,15.0,2014:06:12,"","","","2.0310353,0.0,0.0",N,"45.2725563,0.0,0.0",E,"11.0,29.0,47.0",SAMSUNG,GT-I9100,TopLeft,640,480,I9100JPLPC,72.0,72.0,"{""image_width"":640,""image_length"":480,""make"":""SAMSUNG"",""model"":""GT-I9100"",""orientation"":{""value"":1,""type"":""TopLeft""},""x_resolution"":""72.0"",""y_resolution"":""72.0"",""resolution_unit"":2,""software"":""I9100JPLPC"",""date_time"":""2014-06-12T14:29:03+00:00"",""ycb_cr_positioning"":1,""exposure_time"":""0.004048582995951417"",""f_number"":""2.65"",""exposure_program"":3,""iso_speed_ratings"":32,""date_time_original"":""2014-06-12T14:29:03+00:00"",""date_time_digitized"":""2014-06-12T14:29:03+00:00"",""shutter_speed_value"":""0.004048582995951417"",""aperture_value"":""2.6"",""brightness_value"":""7.41"",""exposure_bias_value"":""0.0"",""max_aperture_value"":""2.81"",""metering_mode"":2,""flash"":16,""focal_length"":""3.97"",""user_comment"":""User comments"",""color_space"":1,""pixel_x_dimension"":640,""pixel_y_dimension"":480,""exposure_mode"":0,""white_balance"":0,""scene_capture_type"":0,""image_unique_id"":""VCFA01"",""gps_version_id"":""\u0002\u0002\u0000\u0000"",""gps_latitude_ref"":""N"",""gps_latitude"":[""2.0310353"",""0.0"",""0.0""],""gps_longitude_ref"":""E"",""gps_longitude"":[""45.2725563"",""0.0"",""0.0""],""gps_altitude_ref"":""\u0000"",""gps_altitude"":""15.0"",""gps_time_stamp"":[""11.0"",""29.0"",""47.0""],""gps_date_stamp"":""2014:06:12""}"
7a8cf1e9-7e04-4bb2-a868-f84623bb95d1,25482f4c-ad3d-428c-992c-dc006b1fde05,25482f4c-ad3d-428c-992c-dc006b1fde05,1,"",2.03351,45.30311,POINT (45.30311 2.03351),161298,2014-06-13T13:07:37+00:00,15.2,2014:06:13,"","","","2.0335068,0.0,0.0",N,"45.3031091,0.0,0.0",E,"10.0,8.0,31.0",SAMSUNG,GT-I9100,TopLeft,640,480,I9100JPLPC,72.0,72.0,"{""image_width"":640,""image_length"":480,""make"":""SAMSUNG"",""model"":""GT-I9100"",""orientation"":{""value"":1,""type"":""TopLeft""},""x_resolution"":""72.0"",""y_resolution"":""72.0"",""resolution_unit"":2,""software"":""I9100JPLPC"",""date_time"":""2014-06-13T13:07:37+00:00"",""ycb_cr_positioning"":1,""exposure_time"":""0.0036231884057971015"",""f_number"":""2.65"",""exposure_program"":3,""iso_speed_ratings"":32,""date_time_original"":""2014-06-13T13:07:37+00:00"",""date_time_digitized"":""2014-06-13T13:07:37+00:00"",""shutter_speed_value"":""0.0036231884057971015"",""aperture_value"":""2.6"",""brightness_value"":""7.56"",""exposure_bias_value"":""0.0"",""max_aperture_value"":""2.81"",""metering_mode"":2,""flash"":16,""focal_length"":""3.97"",""user_comment"":""User comments"",""color_space"":1,""pixel_x_dimension"":640,""pixel_y_dimension"":480,""exposure_mode"":0,""white_balance"":0,""scene_capture_type"":0,""image_unique_id"":""VCFA01"",""gps_version_id"":""\u0002\u0002\u0000\u0000"",""gps_latitude_ref"":""N"",""gps_latitude"":[""2.0335068"",""0.0"",""0.0""],""gps_longitude_ref"":""E"",""gps_longitude"":[""45.3031091"",""0.0"",""0.0""],""gps_altitude_ref"":""\u0000"",""gps_altitude"":""15.2"",""gps_time_stamp"":[""10.0"",""8.0"",""31.0""],""gps_date_stamp"":""2014:06:13""}"
85f483e9-2ee2-482f-9011-c155b75d2ceb,e9f96855-06ab-48c4-86ce-c8c407b43083,e9f96855-06ab-48c4-86ce-c8c407b43083,1,"",0.0,0.0,POINT (0.0 0.0),203262,2014-06-15T11:13:42+00:00,"","","","","","","","","","",SAMSUNG,GT-I9100,TopLeft,640,480,I9100JPLPC,72.0,72.0,"{""image_width"":640,""image_length"":480,""make"":""SAMSUNG"",""model"":""GT-I9100"",""orientation"":{""value"":1,""type"":""TopLeft""},""x_resolution"":""72.0"",""y_resolution"":""72.0"",""resolution_unit"":2,""software"":""I9100JPLPC"",""date_time"":""2014-06-15T11:13:42+00:00"",""ycb_cr_positioning"":1,""exposure_time"":""0.002631578947368421"",""f_number"":""2.65"",""exposure_program"":3,""iso_speed_ratings"":32,""date_time_original"":""2014-06-15T11:13:42+00:00"",""date_time_digitized"":""2014-06-15T11:13:42+00:00"",""shutter_speed_value"":""0.002631578947368421"",""aperture_value"":""2.6"",""brightness_value"":""8.02"",""exposure_bias_value"":""0.0"",""max_aperture_value"":""2.81"",""metering_mode"":2,""flash"":16,""focal_length"":""3.97"",""user_comment"":""User comments"",""color_space"":1,""pixel_x_dimension"":640,""pixel_y_dimension"":480,""exposure_mode"":0,""white_balance"":0,""scene_capture_type"":0,""image_unique_id"":""VCFA01""}"
0da054bb-ea94-478e-a685-69890c093f29,81304138-dc78-4544-99b9-4411760f2672,81304138-dc78-4544-99b9-4411760f2672,1,"",2.05914,45.31066,POINT (45.31066 2.05914),148604,2014-06-15T11:16:35+00:00,123.8,2014:06:15,"","","","2.059136,0.0,0.0",N,"45.3106595,0.0,0.0",E,"8.0,12.0,36.0",SAMSUNG,GT-I9100,TopLeft,640,480,I9100JPLPC,72.0,72.0,"{""image_width"":640,""image_length"":480,""make"":""SAMSUNG"",""model"":""GT-I9100"",""orientation"":{""value"":1,""type"":""TopLeft""},""x_resolution"":""72.0"",""y_resolution"":""72.0"",""resolution_unit"":2,""software"":""I9100JPLPC"",""date_time"":""2014-06-15T11:16:35+00:00"",""ycb_cr_positioning"":1,""exposure_time"":""0.001076426264800861"",""f_number"":""2.65"",""exposure_program"":3,""iso_speed_ratings"":32,""date_time_original"":""2014-06-15T11:16:35+00:00"",""date_time_digitized"":""2014-06-15T11:16:35+00:00"",""shutter_speed_value"":""0.001076426264800861"",""aperture_value"":""2.6"",""brightness_value"":""9.31"",""exposure_bias_value"":""0.0"",""max_aperture_value"":""2.81"",""metering_mode"":2,""flash"":16,""focal_length"":""3.97"",""user_comment"":""User comments"",""color_space"":1,""pixel_x_dimension"":640,""pixel_y_dimension"":480,""exposure_mode"":0,""white_balance"":0,""scene_capture_type"":0,""image_unique_id"":""VCFA01"",""gps_version_id"":""\u0002\u0002\u0000\u0000"",""gps_latitude_ref"":""N"",""gps_latitude"":[""2.059136"",""0.0"",""0.0""],""gps_longitude_ref"":""E"",""gps_longitude"":[""45.3106595"",""0.0"",""0.0""],""gps_altitude_ref"":""\u0000"",""gps_altitude"":""123.8"",""gps_time_stamp"":[""8.0"",""12.0"",""36.0""],""gps_date_stamp"":""2014:06:15""}"
6e51bb31-9858-4f1c-9d9a-9b414a2e42f0,0e4ffb01-75a1-477f-832b-427207a7feef,0e4ffb01-75a1-477f-832b-427207a7feef,1,"",2.04038,45.34858,POINT (45.34858 2.04038),177305,2014-06-18T12:02:51+00:00,4294967264.0,2014:06:18,"","","","2.0,2.0,25.35",N,"45.0,20.0,54.902",E,"9.0,2.0,11.0",SAMSUNG,GT-I8160,TopLeft,640,480,I8160XXNA1,72.0,72.0,"{""image_width"":640,""image_length"":480,""make"":""SAMSUNG"",""model"":""GT-I8160"",""orientation"":{""value"":1,""type"":""TopLeft""},""x_resolution"":""72.0"",""y_resolution"":""72.0"",""resolution_unit"":2,""software"":""I8160XXNA1"",""date_time"":""2014-06-18T12:02:51+00:00"",""ycb_cr_positioning"":2,""exposure_time"":""0.007692"",""f_number"":""2.7"",""exposure_program"":3,""iso_speed_ratings"":50,""date_time_original"":""2014-06-18T12:02:51+00:00"",""date_time_digitized"":""2014-06-18T12:02:51+00:00"",""components_configuration"":""\u0001\u0002\u0003\u0000"",""exposure_bias_value"":""0.0"",""max_aperture_value"":""2.87"",""metering_mode"":2,""flash"":0,""focal_length"":""3.54"",""user_comment"":""User comments"",""color_space"":1,""pixel_x_dimension"":640,""pixel_y_dimension"":480,""exposure_mode"":0,""white_balance"":0,""scene_capture_type"":0,""gps_version_id"":""\u0002\u0002\u0000\u0000"",""gps_latitude_ref"":""N"",""gps_latitude"":[""2.0"",""2.0"",""25.35""],""gps_longitude_ref"":""E"",""gps_longitude"":[""45.0"",""20.0"",""54.902""],""gps_altitude_ref"":""\u0001"",""gps_altitude"":""4294967264.0"",""gps_time_stamp"":[""9.0"",""2.0"",""11.0""],""gps_status"":""V"",""gps_map_datum"":""WGS 84"",""gps_processing_method"":""GPS"",""gps_date_stamp"":""2014:06:18""}"
149804ba-5ac7-49a9-9463-a8d8db350df5,b8fb0ada-9178-4d45-b6ac-26d4a3e72793,b8fb0ada-9178-4d45-b6ac-26d4a3e72793,1,"",2.04018,45.35282,POINT (45.35282 2.04018),153457,2014-06-18T12:06:30+00:00,4294967262.0,2014:06:18,"","","","2.0,2.0,24.64",N,"45.0,21.0,10.166",E,"9.0,6.0,11.0",SAMSUNG,GT-I8160,TopLeft,640,480,I8160XXNA1,72.0,72.0,"{""image_width"":640,""image_length"":480,""make"":""SAMSUNG"",""model"":""GT-I8160"",""orientation"":{""value"":1,""type"":""TopLeft""},""x_resolution"":""72.0"",""y_resolution"":""72.0"",""resolution_unit"":2,""software"":""I8160XXNA1"",""date_time"":""2014-06-18T12:06:30+00:00"",""ycb_cr_positioning"":2,""exposure_time"":""0.007352"",""f_number"":""2.7"",""exposure_program"":3,""iso_speed_ratings"":50,""date_time_original"":""2014-06-18T12:06:30+00:00"",""date_time_digitized"":""2014-06-18T12:06:30+00:00"",""components_configuration"":""\u0001\u0002\u0003\u0000"",""exposure_bias_value"":""0.0"",""max_aperture_value"":""2.87"",""metering_mode"":2,""flash"":0,""focal_length"":""3.54"",""user_comment"":""User comments"",""color_space"":1,""pixel_x_dimension"":640,""pixel_y_dimension"":480,""exposure_mode"":0,""white_balance"":0,""scene_capture_type"":0,""gps_version_id"":""\u0002\u0002\u0000\u0000"",""gps_latitude_ref"":""N"",""gps_latitude"":[""2.0"",""2.0"",""24.64""],""gps_longitude_ref"":""E"",""gps_longitude"":[""45.0"",""21.0"",""10.166""],""gps_altitude_ref"":""\u0001"",""gps_altitude"":""4294967262.0"",""gps_time_stamp"":[""9.0"",""6.0"",""11.0""],""gps_status"":""V"",""gps_map_datum"":""WGS 84"",""gps_processing_method"":""GPS"",""gps_date_stamp"":""2014:06:18""}"
8eba7aec-45b2-4820-9cdc-9fffc88321c6,263a1f79-8af7-4116-8c7d-c0e4a647738f,263a1f79-8af7-4116-8c7d-c0e4a647738f,1,"",2.03723,45.35227,POINT (45.35227 2.03723),101978,2014-06-18T12:19:33+00:00,4294967264.0,2014:06:18,"","","","2.0,2.0,14.02",N,"45.0,21.0,8.173",E,"9.0,19.0,26.0",SAMSUNG,GT-I8160,TopLeft,640,480,I8160XXNA1,72.0,72.0,"{""image_width"":640,""image_length"":480,""make"":""SAMSUNG"",""model"":""GT-I8160"",""orientation"":{""value"":1,""type"":""TopLeft""},""x_resolution"":""72.0"",""y_resolution"":""72.0"",""resolution_unit"":2,""software"":""I8160XXNA1"",""date_time"":""2014-06-18T12:19:33+00:00"",""ycb_cr_positioning"":2,""exposure_time"":""0.003154"",""f_number"":""2.7"",""exposure_program"":3,""iso_speed_ratings"":50,""date_time_original"":""2014-06-18T12:19:33+00:00"",""date_time_digitized"":""2014-06-18T12:19:33+00:00"",""components_configuration"":""\u0001\u0002\u0003\u0000"",""exposure_bias_value"":""0.0"",""max_aperture_value"":""2.87"",""metering_mode"":2,""flash"":0,""focal_length"":""3.54"",""user_comment"":""User comments"",""color_space"":1,""pixel_x_dimension"":640,""pixel_y_dimension"":480,""exposure_mode"":0,""white_balance"":0,""scene_capture_type"":0,""gps_version_id"":""\u0002\u0002\u0000\u0000"",""gps_latitude_ref"":""N"",""gps_latitude"":[""2.0"",""2.0"",""14.02""],""gps_longitude_ref"":""E"",""gps_longitude"":[""45.0"",""21.0"",""8.173""],""gps_altitude_ref"":""\u0001"",""gps_altitude"":""4294967264.0"",""gps_time_stamp"":[""9.0"",""19.0"",""26.0""],""gps_status"":""V"",""gps_map_datum"":""WGS 84"",""gps_processing_method"":""GPS"",""gps_date_stamp"":""2014:06:18""}"
57f5e390-ec27-4167-bf64-342f018d978e,07f3f766-9be5-468c-83f6-314a8449907c,07f3f766-9be5-468c-83f6-314a8449907c,1,"",2.03806,45.35205,POINT (45.35205 2.03806),146890,2014-06-18T12:20:23+00:00,4294967272.0,2014:06:18,"","","","2.0,2.0,17.002",N,"45.0,21.0,7.397",E,"9.0,20.0,2.0",SAMSUNG,GT-I8160,TopLeft,640,480,I8160XXNA1,72.0,72.0,"{""image_width"":640,""image_length"":480,""make"":""SAMSUNG"",""model"":""GT-I8160"",""orientation"":{""value"":1,""type"":""TopLeft""},""x_resolution"":""72.0"",""y_resolution"":""72.0"",""resolution_unit"":2,""software"":""I8160XXNA1"",""date_time"":""2014-06-18T12:20:23+00:00"",""ycb_cr_positioning"":2,""exposure_time"":""0.001612"",""f_number"":""2.7"",""exposure_program"":3,""iso_speed_ratings"":50,""date_time_original"":""2014-06-18T12:20:23+00:00"",""date_time_digitized"":""2014-06-18T12:20:23+00:00"",""components_configuration"":""\u0001\u0002\u0003\u0000"",""exposure_bias_value"":""0.0"",""max_aperture_value"":""2.87"",""metering_mode"":2,""flash"":0,""focal_length"":""3.54"",""user_comment"":""User comments"",""color_space"":1,""pixel_x_dimension"":640,""pixel_y_dimension"":480,""exposure_mode"":0,""white_balance"":0,""scene_capture_type"":0,""gps_version_id"":""\u0002\u0002\u0000\u0000"",""gps_latitude_ref"":""N"",""gps_latitude"":[""2.0"",""2.0"",""17.002""],""gps_longitude_ref"":""E"",""gps_longitude"":[""45.0"",""21.0"",""7.397""],""gps_altitude_ref"":""\u0001"",""gps_altitude"":""4294967272.0"",""gps_time_stamp"":[""9.0"",""20.0"",""2.0""],""gps_status"":""V"",""gps_map_datum"":""WGS 84"",""gps_processing_method"":""GPS"",""gps_date_stamp"":""2014:06:18""}"
